{
    "msle": 0.18423963800495652,
    "mean_pred_true_ratio": 0.2747747526410864
}