{
    "msle": 0.5107040017848247,
    "mean_pred_true_ratio": 1.1310659901816766
}