{
    "msle": 112.98081913931722,
    "mean_pred_true_ratio": 13497866.783485584
}